{
  "evaluation_metadata": {
    "timestamp": "2026-03-12 07:40:40",
    "models_tested": [
      "all-MiniLM-L6-v2",
      "all-mpnet-base-v2"
    ],
    "total_queries": 24,
    "batch_size": 8,
    "max_memory_gb": 6.0,
    "evaluation_framework": "Phase 2 MLOps Testing"
  },
  "model_performance": [
    {
      "model_name": "all-MiniLM-L6-v2",
      "precision_at_1": 1.0,
      "precision_at_5": 0.40000000000000013,
      "precision_at_10": 0.20000000000000007,
      "recall_at_5": 1.0,
      "recall_at_10": 1.0,
      "mrr": 1.0,
      "ndcg_at_10": 0.20000000000000007,
      "inference_time_ms": 148.81850282351175,
      "memory_usage_mb": 0,
      "model_size_mb": 80,
      "total_parameters": 0,
      "embedding_dimensions": 384,
      "performance_score": 0.660671959454656
    },
    {
      "model_name": "all-mpnet-base-v2",
      "precision_at_1": 1.0,
      "precision_at_5": 0.40000000000000013,
      "precision_at_10": 0.20000000000000007,
      "recall_at_5": 1.0,
      "recall_at_10": 1.0,
      "mrr": 1.0,
      "ndcg_at_10": 0.20000000000000007,
      "inference_time_ms": 167.39345590273538,
      "memory_usage_mb": 0,
      "model_size_mb": 420,
      "total_parameters": 0,
      "embedding_dimensions": 384,
      "performance_score": 0.66059739491882
    }
  ],
  "summary_statistics": {
    "precision_at_5": {
      "min": 0.40000000000000013,
      "max": 0.40000000000000013,
      "avg": 0.40000000000000013,
      "best_model": "all-MiniLM-L6-v2"
    },
    "mrr": {
      "min": 1.0,
      "max": 1.0,
      "avg": 1.0,
      "best_model": "all-MiniLM-L6-v2"
    },
    "inference_time_ms": {
      "min": 148.81850282351175,
      "max": 167.39345590273538,
      "avg": 158.10597936312357,
      "best_model": "all-MiniLM-L6-v2"
    }
  },
  "recommendations": {
    "best_overall": {
      "model": "all-MiniLM-L6-v2",
      "score": 0.660671959454656,
      "reason": "Best balanced performance across accuracy, speed, and efficiency"
    },
    "best_accuracy": {
      "model": "all-MiniLM-L6-v2",
      "precision_at_5": 0.40000000000000013,
      "mrr": 1.0
    },
    "best_speed": {
      "model": "all-MiniLM-L6-v2",
      "inference_time_ms": 148.81850282351175,
      "memory_usage_mb": 0
    }
  }
}